mean,median,lower_0025,upper_0975,mean_wql
[0.01958197 0.19207586 0.19157532 ... 0.25366932 0.39381589 0.34374932],[0.03525742 0.17422397 0.12153064 ... 0.30199934 0.34612627 0.38111364],[0.37960479 0.6196579  0.78691356 ... 0.10081803 0.10975863 0.05938169],[0.65224464 0.62857392 0.68553037 ... 0.67875906 0.85263934 0.84535153],0.1745780002002518
[0.46098793 0.50452221 0.40852055 ... 0.22223319 0.39381279 0.32285675],[0.34054085 0.54702779 0.46509733 ... 0.23730723 0.36045831 0.36437911],[0.13560335 0.17085851 0.27868891 ... 0.08751873 0.10345373 0.05893809],[2.7339083  1.14695013 1.28639614 ... 0.7517678  0.76705702 0.81595773],0.1727741487946226
[0.03385671 0.08782588 0.10459573 ... 0.19208657 0.40524892 0.33697122],[0.04812503 0.08436453 0.05289221 ... 0.2298711  0.37122048 0.36275877],[0.25309456 0.26539932 0.42412682 ... 0.08599717 0.10708324 0.05498637],[0.25097219 0.25193996 0.29497178 ... 0.64682794 0.87547837 0.9288526 ],0.16893747191017228
[0.06356831 0.24852667 0.25949499 ... 0.22269767 0.3647659  0.30563152],[0.00205689 0.28754448 0.19505329 ... 0.23730723 0.32258385 0.35788056],[0.26290278 0.04799443 0.01716486 ... 0.08018277 0.00065336 0.05705926],[0.65360689 0.65021736 1.00157747 ... 0.64682794 0.76570747 0.9288526 ],0.1668896992480386
[0.61492072 0.81903128 0.88062425 ... 0.22132498 0.38005594 0.32470392],[0.26731842 0.73213224 0.74201313 ... 0.24630201 0.36640821 0.36513493],[0.30674908 0.2056999  0.23943844 ... 0.09237059 0.06924314 0.06029709],[2.30123963 1.90894364 1.67257837 ... 0.64938745 0.76570747 0.9288526 ],0.16478606211709496
[0.04018385 0.06733823 0.04693922 ... 0.19845149 0.36369769 0.3534848 ],[0.03016013 0.03422903 0.02589535 ... 0.22922166 0.3266247  0.36437911],[0.092866   0.0535319  0.10110138 ... 0.09222504 0.06283757 0.05551498],[0.5014719  0.41192712 0.24750193 ... 0.64682794 0.87547837 0.9288526 ],0.16376132259528764
[0.03676546 0.04743748 0.03555701 ... 0.24025852 0.37107862 0.32607203],[0.0065538  0.00123807 0.04613987 ... 0.2558209  0.32450978 0.36457873],[0.15228218 0.17601539 0.35356018 ... 0.09593107 0.06900509 0.05767364],[0.75257916 0.4199968  0.67934509 ... 0.65024979 0.84288512 0.81595773],0.16308042966077702
[0.01530272 0.04058976 0.0540661  ... 0.18736209 0.39245718 0.36408396],[0.00310635 0.05758261 0.08222634 ... 0.23580402 0.3266247  0.41316072],[0.07782923 0.16237242 0.15992351 ... 0.08792541 0.10577614 0.05653537],[0.23981894 0.14942704 0.1615734  ... 0.64938745 0.87637053 0.9288526 ],0.1631713367215926
[0.04217025 0.01785677 0.03360728 ... 0.23102025 0.38244795 0.3748063 ],[0.04647432 0.02150378 0.02276724 ... 0.25153444 0.3266247  0.43996494],[0.09247166 0.07075079 0.13626074 ... 0.09397023 0.0270481  0.05858657],[0.09154816 0.11534715 0.11927682 ... 0.7517678  0.87547837 0.93167496],0.16306229558708654
[0.00712232 0.05164328 0.01123813 ... 0.22366659 0.41652512 0.37661504],[0.00690244 0.04064195 0.01884277 ... 0.23345349 0.33434093 0.42561183],[0.14040958 0.20495471 0.19595426 ... 0.09531062 0.06705967 0.05873763],[0.16723579 0.25212979 0.23511766 ... 0.85414787 0.98524893 1.04214238],0.1630716268356604
[0.17977887 0.37025167 0.32908705 ... 0.28124281 0.45589602 0.38582775],[0.00348116 0.37301356 0.330012   ... 0.28278808 0.37809661 0.40226465],[0.20843783 0.07396868 0.11985189 ... 0.07706201 0.04605832 0.0537037 ],[0.95054083 1.17650827 1.0968148  ... 0.95396873 1.2047904  1.05351254],0.1623507625267077
[0.02332108 0.04275693 0.05582802 ... 0.25527178 0.40418602 0.36865701],"[4.20939846e-03 5.66281667e-03 1.88982828e-04 ... 2.73059215e-01
 3.37096743e-01 3.64379108e-01]",[0.07584347 0.08792162 0.07478284 ... 0.11204621 0.05523822 0.05872055],[0.27202807 0.25947552 0.40158351 ... 0.72607348 0.88617989 1.04174713],0.16188750768755042
[0.15531735 0.3359725  0.2699215  ... 0.20415541 0.3916672  0.37320829],[0.02053055 0.24934913 0.21652728 ... 0.22320043 0.3604989  0.40460474],[0.19248793 0.03309469 0.00661727 ... 0.08221486 0.01811773 0.05626048],[1.43531256 1.26857179 0.73635796 ... 0.68781864 0.87547837 0.92345726],0.16029492869340498
[0.0900284  0.08271489 0.05469194 ... 0.25464693 0.37720901 0.35287314],[0.12615375 0.14005456 0.12714693 ... 0.28841567 0.30943208 0.38817247],[0.18374103 0.23460834 0.22032992 ... 0.08506504 0.06451821 0.04773603],[0.27984262 0.27980248 0.32003918 ... 0.7506948  0.86568652 0.93367214],0.1613574697361635
[0.01092878 0.00225488 0.16039209 ... 0.25019201 0.41507991 0.3952088 ],[0.00400037 0.01671177 0.11795505 ... 0.24695907 0.3266247  0.43453923],[0.19173742 0.26607431 0.45883372 ... 0.05620924 0.01563632 0.05225102],[0.40846087 0.40000881 0.2845733  ... 0.73978942 1.06803258 1.04174713],0.16081032851513377
"[2.73128470e-04 3.25768879e-02 5.13320647e-03 ... 2.55790245e-01
 3.94830063e-01 3.23990008e-01]",[0.01202161 0.01603078 0.00534474 ... 0.23730723 0.3266247  0.34641908],[0.04032475 0.03240316 0.07824238 ... 0.06448594 0.03202094 0.04665579],[0.11437346 0.14790192 0.21457303 ... 0.77290877 0.93677462 0.92542   ],0.1606490159707198
[0.07338091 0.04185412 0.00595138 ... 0.19917249 0.36676513 0.37173523],[0.07041992 0.02191634 0.02614023 ... 0.16266282 0.31071295 0.36437911],[0.18279551 0.33348697 0.25461613 ... 0.08455418 0.08769478 0.04204013],[0.43304152 0.21993123 0.4381665  ... 0.79623966 0.87547837 0.92843529],0.1586312543339916
[0.04109553 0.02918884 0.0170933  ... 0.24679173 0.37767587 0.31924516],[0.05701084 0.03624649 0.01905507 ... 0.25184766 0.3266247  0.36437911],[0.09960302 0.13135297 0.111635   ... 0.073432   0.04363669 0.04242952],[0.10442546 0.12308846 0.2199433  ... 0.85414787 0.87547837 0.86548657],0.16106380484261432
[0.12535609 0.00819494 0.00950735 ... 0.26061683 0.4420301  0.39030377],[0.11014563 0.04710609 0.04083644 ... 0.23730723 0.32902023 0.36437911],[0.11625542 0.27762455 0.26201802 ... 0.05038426 0.0719797  0.03025814],[0.48287524 0.41524815 0.38180258 ... 0.99633192 1.32698484 1.17646314],0.16205732299085326
[0.01780828 0.0661188  0.06435644 ... 0.24094925 0.42953794 0.37048787],[0.02418531 0.04206716 0.18160603 ... 0.24271516 0.3266247  0.41289778],[0.32620712 0.4485631  0.31158323 ... 0.08483391 0.15102784 0.05973368],[0.47884557 0.38771014 0.57488433 ... 0.95396873 1.09501983 0.93121591],0.15487488597391635
[0.02250855 0.04447949 0.01403836 ... 0.2465503  0.40814131 0.38346907],[0.0079003  0.01705823 0.06228891 ... 0.28854988 0.35621047 0.38267864],[0.21839829 0.28937628 0.26957435 ... 0.09840358 0.10625118 0.0554772 ],[0.24576602 0.14881933 0.35386489 ... 0.7492083  0.87547837 1.04808178],0.1554330997685653
[0.47071091 0.68148488 0.43255366 ... 0.25337062 0.41911811 0.45513286],[0.29118628 0.51461071 0.38519349 ... 0.23730723 0.3266247  0.44608194],[0.1080428  0.13818648 0.01141425 ... 0.09672668 0.03106232 0.05714895],[1.38094003 1.41240181 1.08010353 ... 0.96848249 1.09522761 1.26753652],0.1558175095960593
[0.02954605 0.0660001  0.0877777  ... 0.24914486 0.44667137 0.40961287],[0.00670798 0.006861   0.00294506 ... 0.25695339 0.36755131 0.43256274],[0.27481008 0.35409805 0.39799654 ... 0.11734682 0.12067991 0.05467447],[0.30220874 0.32677137 0.3202108  ... 0.95396873 1.01014029 1.04174713],0.15312018159909466
[0.05335727 0.10723515 0.10255727 ... 0.26102694 0.48610931 0.39251495],[0.0516     0.11368944 0.09623638 ... 0.27628346 0.3513164  0.36437911],[0.12510236 0.18398488 0.26267271 ... 0.12884296 0.04654328 0.06608883],[0.10894941 0.03477347 0.13524314 ... 1.05658137 1.20754529 1.15643533],0.16586220591787557
"[6.27536300e-02 1.47649344e-01 1.46103088e-01 6.17034023e-02
 1.34163628e-02 5.44361395e-02 8.84035247e-02 9.08210560e-02
 7.19310992e-02 1.06486324e-01 1.06694446e-01 2.44679046e-01
 1.94500793e-01 1.91913267e-01 1.68980328e-01 1.79384821e-01
 1.27699052e-01 1.76425068e-01 2.17112461e-01 2.63687097e-01
 2.80961192e-01 3.98175404e-01 4.02390261e-01 4.42331785e-01
 3.97945987e-01 3.38310419e-01 3.34554930e-01 3.37253497e-01
 3.15360947e-01 2.62222907e-01 3.33622596e-01 4.23655079e-01
 5.34208067e-01 4.71161646e-01 6.90676442e-01 8.94629331e-01
 6.22617571e-01 8.23198275e-01 7.56119533e-01 8.48885929e-01
 8.32830358e-01 8.09792283e-01 6.35606481e-01 7.42314910e-01
 7.16570689e-01 5.82296595e-01 6.45536024e-01 7.62286344e-01
 4.39010400e-01 4.62781945e-01 4.54480572e-01 3.68144188e-01
 3.22103750e-01 3.63632746e-01 4.68247771e-01 5.19998852e-01
 4.89647365e-01 5.83792142e-01 4.63435570e-01 2.49878674e-01
 2.45668142e-02 2.02377791e-01 1.92417316e-01 1.08534273e-01
 2.30756378e-01 3.06752830e-01 2.60110521e-01 4.03331708e-01
 3.24090372e-01 3.17629260e-01 2.41937758e-01 2.30259151e-01
 1.87246049e-01 2.05484071e-01 1.97744893e-01 3.41893551e-01
 2.75539603e-01 3.82112089e-01 3.42895034e-01 2.75605664e-01
 3.28311395e-01 1.91802878e-01 4.11701326e-01 5.33217665e-01
 4.56384783e-01 5.51716645e-01 3.99262271e-01 4.62416744e-01
 3.00507119e-01 2.84058640e-01 2.08633614e-01 3.57969912e-01
 2.89802851e-01 2.40550889e-01 2.37696015e-01 1.92360670e-01
 1.49278802e-01 1.43376158e-01 1.19757169e-01 1.90889731e-01
 1.45969208e-01 2.68325288e-01 3.02870260e-02 1.20039349e-01
 7.21351545e-02 6.01271508e-02 4.57284598e-02 9.34426698e-02
 1.10959432e-01 2.38914654e-01 1.08199551e-01 1.55310987e-01
 1.43418860e-01 1.07575461e-01 3.56859527e-01 6.05961028e-01
 4.04527674e-01 4.75050707e-01 2.17934608e-01 4.33380240e-01
 1.94353959e-02 7.89199452e-03 3.22862545e-02 5.99321918e-02
 1.76482736e-02 1.36037919e-02 2.07287955e-02 8.67414169e-02
 3.09472066e-03 1.29184833e-01 8.10270821e-02 5.07284881e-02
 7.98962602e-02 1.65754868e-01 9.85934888e-02 1.37502005e-01
 1.44510113e-01 1.13617478e-01 1.62839474e-01 1.53222178e-01
 1.99268030e-01 2.76937649e-01 4.26279043e-01 4.36919557e-01
 5.41840410e-01 7.16242657e-01 6.52933194e-01 5.55567719e-01
 5.30462298e-01 6.31976640e-01 5.36174909e-01 7.45993933e-01
 6.08604100e-01 7.30560180e-01 6.02664292e-01 5.70166899e-01
 6.55462446e-01 6.93074075e-01 7.33024982e-01 1.06199359e+00
 1.02493714e+00 1.08971257e+00 9.66285861e-01 7.12463834e-01
 7.26105519e-01 9.14936259e-01 8.02113374e-01 9.77293039e-01
 1.01225196e+00 1.30542582e+00 1.12624174e+00 9.47918413e-01
 1.04375529e+00 1.13395770e+00 1.33153852e+00 1.61369134e+00
 2.79976069e+00 2.24251075e+00 2.26931711e+00 2.05049648e+00
 7.36681891e-01 1.32436894e+00 1.26931319e+00 8.52391521e-01
 7.18248489e-01 8.39197366e-01 1.29595525e+00 1.21780953e+00
 8.49354130e-01 1.12303721e+00 8.06621840e-01 1.16288188e+00
 1.13986786e+00 1.10913177e+00 1.04054505e+00 1.38263277e+00
 1.11562993e+00 1.34196768e+00 1.13552503e+00 9.33530518e-01
 4.35576676e-01 9.06059409e-01 1.20117824e+00 1.09393022e+00
 1.07465837e+00 1.52545379e+00 1.19964430e+00 1.43384526e+00
 1.08232552e+00 9.67591697e-01 6.02580555e-01 9.09731296e-01
 5.67908777e-01 7.06593319e-01 5.76513207e-01 4.01690923e-01
 2.94837008e-01 4.23156523e-01 6.16687526e-01 9.02371007e-01
 6.57846935e-01 7.82289460e-01 3.35701680e-01 5.57702052e-01
 4.02072296e-01 5.75422559e-01 5.59907921e-01 6.20199133e-01
 6.36869148e-01 5.33611114e-01 4.72555905e-01 4.26257479e-01
 3.49792782e-01 4.20784064e-01 4.91805317e-01 5.88906433e-01
 3.72224935e-01 5.03466653e-01 2.13935905e-01 4.17499828e-01
 2.24497205e-02 6.86818776e-02 4.55079947e-02 2.07695116e-02
 2.58269969e-01 1.54486383e-01 1.00831324e-01 1.06586221e-01
 1.22841899e-01 1.47872918e-02 1.58637069e-01 1.57910895e-01
 2.13862598e-01 3.82077070e-01 2.49868933e-01 2.00195974e-01
 2.28115775e-01 1.59162180e-01 1.58715121e-01 1.91787673e-01
 3.51641901e-01 1.90698722e-01 1.73972733e-01 1.29104410e-01
 1.73233649e-01 7.03617646e-02 1.55858143e-01 4.63404336e-02
 5.60534049e-02 2.61686055e-01 2.03545154e-01 2.93489120e-01
 3.67948766e-01 2.96016303e-01 4.51555880e-01 4.12518712e-01
 6.16053919e-01 6.46942029e-01 4.59290869e-01 4.88086777e-01
 5.30758124e-01 3.77809128e-01 5.65954956e-01 4.13668690e-01
 4.77939352e-01 4.73123284e-01 5.32571742e-01 4.01190285e-01
 5.80098946e-01 4.89772372e-01 4.21481178e-01 4.68163966e-01
 6.66419222e-01 4.87596669e-01 5.00327377e-01 4.35730639e-01
 5.88086671e-01 5.71365554e-01 7.06501577e-01 5.13771059e-01
 1.62633949e-01 3.27667775e-01 2.31707021e-01 6.65978086e-02
 1.08897828e-01 2.04227891e-01 2.16187299e-01 3.56238581e-01
 1.74925017e-01 1.98310145e-01 1.93107639e-01 1.42662876e-01
 8.54884405e-02 6.80025301e-02 7.86311921e-02 6.80404897e-02
 2.77745101e-02 1.67133420e-01 3.90793868e-02 6.34543823e-02
 8.40016132e-02 1.70856087e-02 1.44653463e-01 1.61144470e-01
 3.80957828e-02 3.97873113e-01 5.24716033e-01 3.99569328e-01
 3.60244819e-01 3.58301117e-01 4.17763839e-01 4.56673053e-01
 3.06331645e-01 4.94581861e-01 4.25245074e-01 5.65971924e-01
 3.14285279e-01 7.78763356e-01 5.69227175e-01 5.84483782e-01
 5.07357390e-01 5.31893445e-01 6.13737516e-01 5.01219997e-01
 4.79789857e-01 5.95522269e-01 3.28359676e-01 4.27702734e-01
 3.22112959e-01 3.30915323e-01 3.30383621e-01 2.42839008e-01
 3.13025473e-01 2.91869517e-01 4.04113042e-01 4.14110847e-01
 5.08680633e-01 5.71265075e-01 2.82457879e-01 2.90531724e-01
 8.22615103e-04 7.04891404e-02 8.43899602e-02 1.82708713e-01
 1.15909770e-01 1.56492915e-01 2.10760100e-01 1.63201619e-01
 1.98136637e-01 2.52170984e-01 1.81210811e-01 1.90520079e-01
 1.46697935e-01 2.43203665e-01 1.83523736e-01 3.16009781e-01
 1.41961945e-01 2.27894319e-01 2.46609683e-01 1.64056122e-01
 5.78643897e-01 1.69257842e-01 1.40003668e-01 1.37740146e-01
 1.67432383e-01 1.65988230e-01 8.58068268e-02 6.91597773e-02
 1.10998106e-01 4.23706535e-02 1.92294911e-02 5.08175120e-02
 9.15747614e-02 2.47844143e-02 3.13364433e-02 7.24853519e-02
 7.46410420e-02 1.26179233e-01 5.16272103e-03 9.56951246e-02
 1.26588397e-01 4.46370329e-02 3.59043836e-02 9.64064828e-02
 9.02257763e-02 6.77584296e-02 6.85558109e-02 3.52095803e-02
 1.12943541e-01 5.47407543e-03 4.29804947e-02 7.95121768e-02
 8.30546821e-01 1.37394081e-01 5.20766819e-03 3.12554191e-02
 9.88746265e-02 5.97596392e-03 2.95405379e-02 4.99272833e-02
 4.04723553e-02 3.24723982e-02 1.76568595e-02 6.81421031e-02
 9.58694953e-02 1.09190816e-01 1.38039703e-01 9.87651328e-02
 1.16266242e-01 1.28672245e-01 8.63743365e-02 8.77184420e-02
 8.68023053e-02 8.30439580e-03 2.49283172e-02 4.77057226e-02
 3.30389691e-02 1.76968662e-02 5.99420306e-02 6.37491812e-02
 3.65635829e-02 1.73613911e-02 6.84059959e-03 2.06443393e-02
 3.54827955e-02 3.66133373e-02 1.33184235e-01 9.34737360e-02
 6.09909962e-02 2.53382030e-02 5.46972047e-02 5.92548403e-02
 1.48734127e-02 6.16990893e-03 8.38148199e-02 7.83597510e-02
 2.07531145e-02 8.76968732e-02 1.09379484e-01 3.06640962e-02
 5.43558797e-02 4.74895022e-02 7.19926978e-03 8.93291813e-02
 5.67320771e-02 2.93387024e-02 6.35795731e-02 8.95700514e-02
 1.01207188e-01 9.62969204e-03 5.35205573e-02 1.14210064e-02
 7.38239559e-02 7.48940724e-02 8.53864001e-02 3.30992193e-02
 1.39758931e-02 2.88692206e-02 2.50816716e-02 9.41672239e-02
 2.50915393e-02 1.06961194e-01 1.33062234e-01 1.33123332e-01
 1.00324361e-01 1.30117079e-01 1.28466094e-01 4.63895361e-02
 5.72269909e-02 3.57347337e-02 4.45437156e-03 2.99003305e-02
 2.96583787e-02 2.39438478e-02 4.23533117e-03 1.81324439e-02
 5.82005378e-03 3.46348807e-02 1.12847726e-02 2.32932157e-03
 2.36762166e-02 4.20056953e-02 1.86396546e-02 4.76461065e-02
 1.30464442e-02 3.37996494e-03 4.17470822e-02 1.99160618e-02
 1.61531014e-02 6.02613290e-02 4.38354559e-02 4.65620205e-02
 4.34611434e-02 1.18965418e-02 2.89347605e-02 3.97681048e-02
 8.62525542e-02 4.89807447e-02 4.88374314e-02 7.76974009e-02
 7.14495597e-02 3.80710109e-02 8.34195746e-02 4.15115936e-02
 5.58468651e-02 5.66703650e-02 3.35967151e-03 2.93344199e-02
 4.81300259e-02 2.97001012e-02 2.41332864e-02 1.63561173e-02
 4.77828845e-02 3.35799108e-02 5.67077725e-02 6.00279885e-02
 9.89360594e-02 7.88421481e-02 7.21693518e-02 1.43616929e-01
 8.79086559e-02 1.34192470e-01 1.47537069e-01 1.53771888e-01
 1.44180514e-01 1.12630699e-01 1.33805551e-01 1.72092443e-01
 1.03488144e-01 1.37616615e-01 3.70670160e-03 4.89961350e-02
 6.85271934e-02 6.76624754e-02 3.38809063e-02 1.53822550e-01
 1.33326228e-02 7.07305770e-02 1.23404005e-01 5.17044477e-02
 8.41777430e-03 2.73121719e-02 1.07276265e-01 5.52401143e-02
 5.48974200e-02 8.41968089e-02 4.33739259e-02 5.65107149e-02
 8.44986193e-02 5.38167558e-02 1.43407605e-02 7.05224892e-02
 4.45308615e-02 1.59683961e-02 3.23272307e-03 1.71376479e-01
 8.48066804e-03 3.86208983e-02 6.39022154e-02 2.23206597e-01
 7.61526511e-02 8.59922021e-02 9.76387186e-02 6.95388921e-02
 8.58477857e-02 9.75510171e-02 9.04345039e-02 7.53652678e-02
 2.34289198e-02 5.74485466e-02 6.06085278e-02 7.18502052e-02
 4.35281232e-02 7.33202212e-02 5.99791326e-02 1.13432672e-01
 1.31918767e-01 1.05544443e-01 1.98814637e-01 1.04803124e-01
 1.28629520e-03 1.97511268e-02 2.23602027e-02 1.73394411e-02
 2.27444255e-02 2.55303389e-02 5.52506264e-02 1.26763325e-01
 1.47284797e-01 1.42880384e-01 1.26538764e-01 1.35480282e-01
 1.51278744e-01 1.45340904e-01 1.33341560e-01 1.55003780e-01
 1.53297008e-01 1.52333196e-01 1.46215342e-01 9.78480249e-02
 1.21603599e-01 1.62797984e-01 1.86641081e-01 1.63301297e-01
 1.69159005e-01 1.89638742e-01 1.65540311e-01 1.73978872e-01
 1.53652352e-01 1.80435314e-01 1.74891398e-01 1.81828971e-01
 2.38221949e-01 2.20879939e-01 1.96565427e-01 1.94321968e-01
 1.80446581e-01 1.68008611e-01 2.03586749e-01 2.01080403e-01
 1.92580273e-01 2.06535978e-01 2.21410975e-01 2.07932330e-01
 2.23893788e-01 2.35400956e-01 2.28109491e-01 2.18197979e-01
 2.01821429e-01 1.59354274e-01 1.54812250e-01 1.57451433e-01
 1.15470302e-01 1.58846095e-01 1.73896327e-01 1.64354560e-01
 2.17160390e-01 1.86921460e-01 1.94934083e-01 1.64582354e-01
 5.67366488e-02 7.11565048e-02 9.27990308e-02 8.43597683e-02
 8.02872765e-02 1.09996465e-01 8.87562611e-02 8.54258797e-02
 7.15615411e-02 1.62125703e-01 1.15785950e-01 7.91001071e-02
 5.06074579e-02 4.49659634e-02 3.44562635e-02 1.75316758e-03
 5.55206227e-02 6.63613622e-02 3.95171323e-02 1.39433296e-02
 3.44354551e-02 6.32449044e-02 1.31529784e-02 5.14740943e-02
 9.46911829e-03 3.45651447e-02 5.84310290e-02 1.02027848e-01
 6.14346751e-01 4.00525256e-02 1.12177301e-01 3.61033353e-02
 1.57479817e-01 1.12781633e-01 1.39611972e-01 1.64942381e-01
 1.18123912e-01 1.53730114e-01 9.49941800e-02 1.11943116e-01
 1.17668023e-01 9.10753351e-02 9.19575137e-02 7.21865039e-02
 1.79654563e-01 1.50948316e-01 6.58266935e-02 1.61945071e-01
 1.68183174e-01 1.49610115e-01 1.56476540e-01 1.62951811e-01
 8.08414622e-02 1.46696690e-01 1.71226497e-01 1.91289309e-01
 2.33751137e-01 2.33075439e-01 2.02974548e-01 2.66512358e-01
 1.11174755e-03 3.12428633e-02 5.88997961e-02 7.32634063e-02
 1.40936663e-01 4.44725738e-02 1.23841939e-03 5.79729882e-02
 5.62124109e-02 4.07377656e-02 1.35152223e-01 7.69016226e-02
 8.95521015e-02 1.05621113e-01 6.01645678e-02 3.31555129e-02
 6.78525151e-02 9.41083083e-02 1.02783104e-01 3.15491056e-02
 1.05956437e-01 7.66604882e-02 9.89577453e-02 5.02077817e-02
 1.03405816e-01 2.37658798e-02 1.78394354e-01 6.88664060e-02
 1.05712864e-01 1.38520611e-01 1.64997832e-01 3.43087589e-02
 7.72535581e-02 3.79031563e-02 4.77709143e-02 2.92906638e-02
 3.04594246e-02 8.62704048e-04 1.36906985e-03 3.23421154e-04
 7.34465274e-02 2.77867915e-02 8.64314220e-02 5.17501122e-02
 1.71184058e-02 1.50165898e-01 1.81649842e-01 1.71526481e-01
 1.50223790e-01 1.26860210e-01 7.90376113e-02 1.49882749e-01
 1.69662496e-01 8.47491515e-02 1.34907504e-01 1.02634715e-01
 1.44156102e-01 8.70068210e-02 1.63723300e-01 9.77044044e-02
 1.67487621e-02 2.50683444e-02 1.89324246e-02 6.62737279e-02
 6.02350544e-02 6.40810460e-02 1.04937221e-01 9.21758417e-02
 1.49784748e-01 1.43222601e-01 1.42731489e-01 1.46102871e-01
 1.75061158e-01 1.86047520e-01 2.05152086e-01 1.85976235e-01
 1.93653000e-01 1.78046633e-01 1.91889033e-01 2.30334062e-01
 2.33091788e-01 2.64089208e-01 2.76550434e-01 2.60279082e-01
 2.89391151e-01 2.67077253e-01 3.04561613e-01 3.30988093e-01
 3.15953255e-01 3.53415347e-01 3.87015569e-01 3.57517701e-01
 3.85660197e-01 3.64178672e-01 4.08989131e-01 3.94034631e-01
 3.94213613e-01 3.76887251e-01 3.30171087e-01 2.88933920e-01
 3.21281313e-01 2.70375159e-01 2.30618937e-01 3.05630630e-01
 2.95415163e-01 2.65547845e-01 2.70421534e-01 2.48112269e-01
 3.39311312e-01 3.18733574e-01 2.98081425e-01 3.13666976e-01
 2.87066757e-01 2.97180368e-01 2.88567036e-01 2.77820317e-01
 2.33347684e-01 2.33166830e-01 2.57880258e-01 2.59928201e-01
 1.60136991e-02 7.47770636e-03 6.97286369e-02 3.44216669e-02
 5.97176177e-03 5.40379781e-03 1.14306042e-01 2.09697831e-01
 1.35937249e-01 1.76018869e-01 1.74125679e-01 2.56737751e-01
 1.19625919e-01 2.58197378e-01 1.80790235e-01 2.08607065e-01
 9.15964635e-02 1.31195371e-01 1.70246711e-01 1.34130911e-01
 1.80866232e-01 1.10043848e-01 1.82729543e-01 1.95299732e-01
 2.87661528e-01 3.47553542e-01 2.64364880e-01 2.32556316e-01
 1.96959606e-01 1.78194813e-01 1.87604450e-01 2.88502989e-01
 2.55441417e-01 2.31613746e-01 2.20461375e-01 3.39012112e-01
 2.77259858e-01 2.97526765e-01 3.46133278e-01 2.81772417e-01
 3.33990563e-01 3.08894458e-01 2.36306110e-01 2.38550614e-01
 5.94909680e-02 9.04134231e-02 2.94009320e-02 4.55459347e-02
 4.78564640e-02 8.20186505e-03 1.19355166e-03 5.83517024e-02
 1.36269056e-02 8.15450680e-03 7.62937171e-02 5.95854742e-02
 8.08926360e-02 9.94544298e-02 4.15283335e-02 5.22259609e-02
 2.16959640e-02 4.53794941e-02 1.79044331e-02 7.26250303e-03
 6.96705571e-02 1.52667893e-03 5.57287998e-02 5.61204467e-02
 8.88392938e-02 4.69054998e-02 1.06271078e-01 6.35246747e-03
 7.31173373e-02 1.31551621e-01 1.04073595e-01 7.23085466e-02
 9.91284034e-02 6.76914786e-02 9.52874295e-02 1.27111819e-01
 2.07211342e-01 1.32162446e-01 1.17935680e-01 1.39689051e-01
 1.92757343e-01 1.05138114e-01 1.80999953e-01 1.35813776e-01
 2.17837144e-01 3.13592840e-01 3.46062125e-01 2.72711668e-01
 3.41420662e-01 2.92397502e-01 2.33385170e-01 2.60668083e-01
 3.32464758e-01 2.39778901e-01 2.40555684e-01 2.17058301e-01
 1.77288961e-01 1.25075020e-01 2.07605727e-01 1.45201620e-01
 1.37036482e-01 1.66621875e-01 1.05992392e-01 1.77820828e-01
 1.81688870e-01 1.83149922e-01 2.33990830e-01 2.36703883e-01
 2.94337734e-01 2.24986435e-01 1.99994942e-01 2.60816343e-01
 3.16209794e-01 2.45960685e-01 4.33591672e-01 3.92508309e-01]","[3.37426465e-02 1.59849178e-01 1.39115140e-01 7.96897550e-04
 1.52304196e-02 6.35267774e-02 9.82247983e-02 1.04710290e-01
 6.76265395e-02 1.26826521e-01 1.17516520e-01 2.75945459e-01
 2.03267526e-01 1.64582967e-01 1.49158402e-01 1.97999566e-01
 6.10731534e-02 1.99142805e-01 2.54450009e-01 2.54598980e-01
 3.43078232e-01 4.01640700e-01 4.17668652e-01 4.75663722e-01
 3.51268104e-01 3.61365389e-01 3.25791000e-01 3.74505652e-01
 3.09884712e-01 2.84131378e-01 3.41892492e-01 4.51630486e-01
 3.85327065e-01 5.15972552e-01 7.14433067e-01 7.95304570e-01
 6.91781207e-01 7.65195235e-01 7.98016206e-01 8.43419739e-01
 8.10284391e-01 8.67476209e-01 6.56195221e-01 7.47522248e-01
 6.19309266e-01 5.42442311e-01 6.15711391e-01 7.23163885e-01
 4.41061170e-01 5.09169704e-01 4.12857684e-01 3.64764178e-01
 3.77327103e-01 3.23904409e-01 4.13484114e-01 5.54157716e-01
 5.04025518e-01 6.19023009e-01 4.61994935e-01 4.56685669e-01
 3.54753726e-02 1.73010578e-01 1.62637397e-01 1.71903478e-01
 2.32112659e-01 2.58361441e-01 2.36563891e-01 4.49573346e-01
 2.46615596e-01 3.50560443e-01 1.75610946e-01 1.41256740e-01
 1.09478527e-01 1.14069149e-01 9.78511936e-02 3.24733581e-01
 2.50397789e-01 2.54356056e-01 2.68070084e-01 2.96672395e-01
 2.71480463e-01 1.80237297e-01 2.41844587e-01 5.01872668e-01
 2.57903018e-01 6.88949665e-01 2.53709304e-01 2.55043662e-01
 1.68371565e-01 1.55977019e-01 1.01285920e-01 3.50712997e-01
 1.32262604e-01 1.28489605e-01 8.93535814e-02 8.60368429e-02
 4.50242337e-02 4.25277129e-02 3.53843551e-02 1.40764908e-01
 2.54025890e-02 2.55454682e-01 4.32378474e-02 1.30580349e-02
 6.10981413e-02 6.47865068e-02 9.22259331e-02 1.31421790e-01
 5.63056729e-03 5.85526412e-02 3.28508498e-03 1.46353253e-02
 7.08946591e-03 4.65585273e-03 8.84647419e-02 4.09409542e-01
 7.80089594e-02 4.22019267e-01 6.50706823e-02 8.15937020e-02
 1.48368646e-02 9.15844729e-03 3.41707683e-02 4.41250417e-02
 1.07009876e-02 7.72235300e-03 1.56303349e-02 1.07662666e-01
 1.68547767e-02 1.15094338e-01 5.54596378e-02 2.22002858e-02
 6.41280602e-02 1.37819938e-01 4.03797491e-02 1.32984557e-01
 6.08489833e-02 3.52985638e-02 1.13955236e-01 1.24885346e-01
 1.41348220e-01 2.17405860e-01 3.40967001e-01 4.18291667e-01
 4.19780858e-01 7.33686619e-01 4.85974100e-01 4.72395719e-01
 4.05204285e-01 5.15693592e-01 4.54928083e-01 6.94186455e-01
 4.87249648e-01 5.43015049e-01 5.05450239e-01 4.39889949e-01
 5.42893669e-01 4.89526504e-01 5.39317651e-01 9.05714762e-01
 7.74364060e-01 1.04164041e+00 7.77012411e-01 4.89577799e-01
 5.47460207e-01 6.91508621e-01 7.11564401e-01 8.31184372e-01
 6.72893941e-01 7.67330309e-01 6.17607715e-01 6.68817398e-01
 7.86104881e-01 8.08780164e-01 8.25228412e-01 1.28646582e+00
 1.16414966e+00 2.03481435e+00 1.61738332e+00 1.43310998e+00
 1.81042204e-01 1.25369659e+00 1.42443122e+00 3.85165260e-01
 9.75034768e-01 9.30366855e-01 1.42484484e+00 1.22601046e+00
 8.58549963e-01 1.20756560e+00 8.56204601e-01 1.31077292e+00
 1.40018416e+00 9.08178107e-01 6.73469733e-01 1.61482669e+00
 1.08191638e+00 1.58073492e+00 1.25824563e+00 7.64902799e-01
 3.48870095e-01 7.99567682e-01 1.19779514e+00 1.27703976e+00
 9.87936641e-01 1.52553367e+00 1.14520417e+00 1.48845175e+00
 9.60138031e-01 8.11118302e-01 6.86501937e-01 1.07283407e+00
 4.30419821e-01 7.38676017e-01 6.05167197e-01 4.12483746e-01
 4.48631192e-01 2.92070696e-01 6.07437445e-01 9.17213015e-01
 6.01153677e-01 6.93590385e-01 3.42885815e-01 7.23659200e-01
 3.41231818e-01 3.56456665e-01 3.61997784e-01 8.22766298e-01
 4.13769151e-01 5.69419061e-01 3.14879678e-01 3.16538538e-01
 3.43054728e-01 2.90218348e-01 4.22649953e-01 6.92282383e-01
 2.08833658e-01 5.44685985e-01 1.53525307e-01 4.87991894e-01
 1.62861006e-02 1.05629455e-02 3.27345960e-02 3.53973990e-02
 2.24528236e-01 2.12700313e-01 1.86679076e-01 1.79311726e-01
 1.52889411e-01 1.61601323e-01 1.27892273e-01 2.75268976e-01
 2.85164086e-01 3.62724468e-01 2.23913030e-01 2.61361109e-01
 2.45547164e-01 2.31888200e-01 2.20902761e-01 2.58502555e-01
 3.75108248e-01 2.20766963e-01 2.40938728e-01 2.06566742e-01
 1.73474975e-01 1.48403564e-01 1.12013193e-01 1.20560678e-01
 1.23710741e-01 2.48873285e-01 2.07645091e-01 3.41450433e-01
 3.49939862e-01 3.43231847e-01 4.78439925e-01 4.33135791e-01
 6.35821855e-01 6.30054019e-01 4.92148151e-01 4.86461941e-01
 4.97886126e-01 4.90322408e-01 4.78449792e-01 4.84221311e-01
 4.76138615e-01 4.54797917e-01 4.92387075e-01 4.77142326e-01
 5.52774992e-01 5.09543597e-01 5.10863383e-01 4.81743599e-01
 5.92664237e-01 5.10563551e-01 5.74779568e-01 4.92664083e-01
 5.28805315e-01 6.73409726e-01 5.78767629e-01 5.40167552e-01
 1.51001150e-01 2.75716077e-01 1.43181660e-01 3.65874451e-02
 1.19379439e-02 1.61455193e-01 1.63757225e-01 2.72326336e-01
 1.19821656e-01 1.67947074e-01 1.10286972e-01 1.25773355e-01
 6.74648029e-02 1.38938698e-02 3.99514223e-02 3.24481839e-02
 1.21898936e-01 4.43534482e-02 5.46749309e-02 2.36872563e-02
 1.73941668e-02 9.22494946e-02 8.18880314e-02 1.67328248e-01
 1.16087829e-01 3.88899884e-01 3.57367154e-01 1.53298891e-01
 1.60122675e-01 1.61798010e-01 2.32122171e-01 4.01587980e-01
 1.36930804e-01 2.30013438e-01 2.39653883e-01 2.07318296e-01
 1.64724929e-01 3.07949269e-01 3.54515570e-01 6.21694107e-01
 1.71528297e-01 5.37542419e-01 2.64634045e-01 2.49903378e-01
 2.82125289e-01 2.40946962e-01 2.03341106e-01 3.57604910e-01
 1.70073540e-01 1.67483941e-01 2.01071750e-01 1.56947956e-01
 1.95922348e-01 1.74324600e-01 2.11557639e-01 4.27739889e-01
 2.05598888e-01 4.61780111e-01 1.11153152e-01 1.46248223e-01
 9.27380899e-03 7.25846985e-03 3.90237258e-02 1.17411627e-01
 1.11956289e-01 1.17565071e-01 1.57822376e-01 1.12287413e-01
 7.93673809e-02 2.07027152e-01 8.51011040e-02 6.01978338e-02
 8.61670000e-02 8.84986968e-02 9.16931726e-02 2.35626976e-01
 1.01865409e-01 1.03169344e-01 1.04854676e-01 8.25938089e-02
 9.00169811e-02 6.57273882e-02 1.09949117e-01 9.94179972e-02
 4.30267937e-02 1.63025665e-01 2.84589044e-02 1.85949682e-03
 9.41931243e-03 3.69388770e-02 7.50669005e-02 1.29263199e-02
 1.67773392e-01 1.47173058e-01 1.60344868e-01 1.62089632e-01
 1.26367364e-01 1.65346612e-01 1.62377270e-01 9.63293639e-02
 1.86925259e-01 9.69581366e-02 1.49610029e-01 1.78515076e-01
 1.91532794e-01 1.68665862e-01 1.57996172e-01 8.26376441e-02
 1.59167553e-01 1.65479486e-01 2.03377269e-01 1.94277727e-01
 2.04685489e-01 2.05789252e-01 1.46249567e-01 9.71619517e-02
 2.08137838e-01 5.68189112e-02 1.43841435e-01 1.45019206e-01
 5.31259810e-02 4.94123996e-02 3.78107419e-02 7.58575343e-02
 9.54912314e-02 1.26270242e-01 1.47442516e-01 1.13164004e-01
 1.21430488e-01 1.18614901e-01 1.14206972e-01 8.10144358e-02
 9.18161320e-02 1.76419742e-02 5.33026067e-02 5.52646587e-02
 2.02391592e-02 3.43514302e-03 3.73833305e-02 3.80904850e-02
 4.72012360e-02 7.36660367e-03 2.35097527e-02 1.02490785e-02
 2.51713200e-02 4.37789458e-02 1.13013617e-01 1.20414211e-01
 7.65453997e-02 6.88933102e-03 4.70508332e-02 6.00279610e-02
 1.87390671e-02 1.09026373e-02 8.83607084e-02 8.69807441e-02
 4.62780815e-02 9.45892978e-02 9.30546239e-02 4.19360483e-02
 1.09984307e-01 3.80965294e-03 6.49985044e-02 9.82316931e-02
 6.65779078e-02 4.78449196e-02 5.53725146e-02 1.06813291e-01
 1.02134329e-01 1.42241014e-02 3.36486513e-02 5.41227235e-02
 4.43318231e-02 5.21450162e-02 2.07849100e-02 4.15815547e-02
 5.90031845e-02 3.83608831e-02 5.33039971e-03 4.18406951e-02
 2.48047442e-02 8.08284614e-02 1.16028207e-01 1.20779713e-01
 1.01195059e-01 1.18808346e-01 1.11702069e-01 3.81092701e-02
 3.83387373e-02 1.51225332e-03 8.37939124e-03 3.16818290e-03
 3.88334716e-03 1.26144961e-02 2.61015478e-02 7.41677729e-03
 6.69456796e-03 8.15457472e-03 2.64399870e-03 1.59062138e-02
 5.62167409e-04 2.92084335e-02 2.43649263e-03 4.79670284e-02
 1.22438292e-03 1.17979109e-03 2.72536306e-02 3.87605599e-02
 2.78817538e-02 7.22331496e-02 5.77288027e-02 4.15402970e-02
 1.96570046e-02 5.55144412e-03 6.22911300e-02 4.88029420e-02
 6.58932801e-02 6.90495950e-02 7.49202594e-02 7.17647651e-02
 4.76402934e-02 1.26481741e-02 7.64669036e-02 2.56709764e-02
 5.96374277e-02 5.22919504e-02 1.40424214e-02 2.35964492e-02
 7.91748137e-02 3.39451036e-02 4.05684531e-02 7.01682180e-02
 1.51751221e-02 5.69286529e-02 6.94986787e-02 9.29875807e-02
 1.19535570e-01 8.75266985e-02 2.91142528e-02 1.75386555e-01
 7.21137974e-02 8.27077377e-02 8.48957504e-02 1.01071891e-01
 1.28693124e-01 3.89477287e-02 1.19427658e-01 1.40324588e-01
 6.61409355e-02 9.48021623e-02 2.92951819e-02 3.94210471e-02
 1.25326270e-02 2.02606847e-03 4.01765476e-02 7.53363505e-02
 1.53648634e-02 2.84615960e-02 9.41157335e-03 3.66912669e-02
 4.47909127e-02 2.97184355e-02 2.07536913e-02 1.31069199e-02
 1.60826378e-02 6.13318912e-02 4.94930297e-03 7.57781777e-03
 9.88295858e-03 7.02170482e-03 8.11706827e-04 4.80222290e-02
 6.31198767e-02 3.06733796e-02 3.67551765e-02 2.27798408e-02
 1.66272408e-02 9.34787756e-03 1.09711606e-02 5.59936502e-02
 4.49918451e-03 6.57768992e-02 1.67414500e-02 1.61397887e-02
 1.19062685e-02 7.80283468e-04 9.37848219e-03 7.25486411e-02
 1.52371724e-02 9.78539448e-03 3.83221877e-03 4.31063015e-03
 6.82760577e-03 1.03701495e-02 4.43245286e-02 8.14581225e-02
 2.86729249e-02 1.18906077e-01 2.47050308e-03 1.37858725e-02
 2.36726597e-03 1.42249259e-02 1.25196536e-02 8.61994415e-03
 5.93695743e-03 1.54367502e-02 4.21054777e-02 1.06761187e-01
 1.21316438e-01 1.18125944e-01 1.01066793e-01 1.17315936e-01
 1.35407963e-01 1.21129317e-01 1.13914561e-01 1.30605891e-01
 1.47008074e-01 1.35764537e-01 1.28490461e-01 7.25022094e-02
 9.21060855e-02 1.38892993e-01 1.62226099e-01 1.54726233e-01
 1.47506513e-01 1.53617049e-01 1.44384441e-01 1.52585281e-01
 1.33714143e-01 1.47494886e-01 1.44049868e-01 1.64347702e-01
 2.28604621e-01 2.05588431e-01 1.76911549e-01 1.71306662e-01
 1.52999356e-01 1.42764533e-01 1.61922433e-01 1.69791288e-01
 1.64644831e-01 1.66674439e-01 1.96156563e-01 1.82381332e-01
 1.86597023e-01 2.12777978e-01 1.85310871e-01 1.88356155e-01
 1.81024965e-01 1.40240606e-01 1.36694591e-01 1.25606951e-01
 9.20368926e-02 1.41782950e-01 1.44319975e-01 1.49735390e-01
 1.79133966e-01 1.53120506e-01 1.55307621e-01 1.43541862e-01
 5.24431886e-02 5.35649616e-02 6.15493596e-02 6.75245322e-02
 7.12376846e-02 6.90560555e-02 6.74302875e-02 8.17531331e-02
 5.41952675e-02 1.09452759e-01 6.07351303e-02 3.48436274e-02
 2.04702657e-02 4.41519069e-04 6.14929178e-02 2.77571413e-02
 8.27537991e-02 8.76729940e-02 7.65186858e-02 6.41451428e-02
 7.40105131e-02 8.14500919e-02 7.42113535e-02 6.07350602e-02
 7.54168602e-02 5.34094326e-02 1.04991127e-01 1.32341750e-01
 1.25198510e-01 1.18111094e-01 1.22394374e-01 1.81864333e-01
 2.03131859e-01 1.90020214e-01 1.94186618e-01 1.91025765e-01
 1.59872391e-01 2.01241304e-01 1.41995613e-01 1.15421591e-01
 1.63157142e-01 1.32517059e-01 1.77813984e-01 1.40471871e-01
 2.17533917e-01 1.92924286e-01 2.01088311e-01 1.67676202e-01
 1.94170546e-01 1.79913928e-01 1.88685991e-01 1.80928705e-01
 1.89957977e-01 2.01608389e-01 2.22847904e-01 2.09138342e-01
 2.61031853e-01 2.43580888e-01 2.54747270e-01 2.94761142e-01
 1.03333214e-02 3.42089341e-03 1.54842099e-02 8.10226765e-02
 1.68724309e-01 3.82154575e-02 4.76808855e-03 7.79804554e-02
 4.27802867e-02 8.24138106e-02 5.50787430e-02 1.31555722e-01
 1.27418151e-01 6.44363135e-02 7.13645893e-03 1.13064232e-02
 2.73349658e-02 1.02072663e-01 7.95439800e-02 2.90933203e-02
 7.08720000e-02 1.06524249e-01 1.10688197e-01 2.71596632e-02
 6.64377821e-02 3.46016159e-02 8.12442485e-02 7.14697578e-02
 5.63896501e-02 8.46637249e-02 9.26069805e-02 1.60918123e-03
 5.28679424e-02 6.13634490e-02 2.81907854e-02 7.05492907e-02
 2.97487290e-02 5.19606865e-02 3.61717140e-02 4.91503921e-02
 5.55640046e-02 5.65030323e-02 2.78635766e-02 7.44077592e-02
 4.41456009e-02 1.17218648e-01 1.46672696e-01 1.35117469e-01
 1.42957235e-01 1.22869773e-01 1.07481047e-01 1.01510979e-01
 7.83138116e-02 4.95839549e-02 1.25394388e-01 5.06177842e-02
 1.03001738e-01 8.24476029e-02 3.39340099e-02 1.07391489e-01
 1.87854955e-02 3.87963528e-02 3.71239749e-02 6.42716401e-02
 6.94016446e-02 7.17553650e-02 1.24327552e-01 8.83743712e-02
 1.62087565e-01 1.51461155e-01 1.67062684e-01 1.59270185e-01
 1.91150791e-01 2.03325122e-01 2.27597117e-01 1.82326523e-01
 2.16548914e-01 2.03315804e-01 2.21073047e-01 2.52211597e-01
 2.67806366e-01 2.75823916e-01 3.02067200e-01 2.82465402e-01
 3.22386505e-01 2.83394270e-01 3.26149075e-01 3.56495554e-01
 3.42980921e-01 3.88540108e-01 3.99217850e-01 3.80342515e-01
 4.01689291e-01 3.95807243e-01 4.27598584e-01 4.15206243e-01
 4.17934599e-01 4.00578221e-01 3.69589434e-01 3.15275993e-01
 3.58887373e-01 2.91505695e-01 2.62849783e-01 3.33361916e-01
 3.26588183e-01 3.01782613e-01 2.92554839e-01 3.04095295e-01
 3.48554418e-01 3.47049662e-01 3.34982205e-01 3.40756465e-01
 3.31801426e-01 3.34079524e-01 3.52572345e-01 3.09391470e-01
 2.80071565e-01 2.43129144e-01 3.01017841e-01 2.88725359e-01
 1.92848877e-02 2.36861312e-02 1.09813748e-01 6.15276752e-02
 4.87689515e-02 6.15502913e-02 3.71382600e-02 1.41124987e-01
 6.99369043e-02 1.04289778e-01 9.79032803e-02 1.49972835e-01
 7.28862298e-02 1.00507230e-01 4.54955414e-02 1.23891442e-01
 2.74379217e-02 4.26728961e-02 8.24246566e-02 4.21317461e-02
 6.95126921e-02 6.18900882e-02 8.64980087e-02 7.04880422e-02
 2.21639328e-01 2.74960256e-01 1.22368589e-01 1.01088663e-01
 5.51461585e-02 1.05871346e-01 1.12181153e-01 1.70522106e-01
 1.42298257e-01 1.33139574e-01 1.42364835e-01 1.96663914e-01
 1.63226454e-01 1.16951947e-01 2.13008897e-01 1.54767358e-01
 1.81735082e-01 2.43848587e-01 1.04817623e-01 7.08551057e-02
 1.01872660e-01 1.59145095e-02 1.10421891e-01 6.91953236e-02
 9.52690848e-02 8.58451131e-02 8.14690576e-02 1.31397985e-01
 6.89751991e-02 8.50973459e-02 1.22583452e-02 5.41936082e-02
 7.97497231e-02 2.32052652e-02 6.33860932e-02 6.80367942e-02
 1.37505573e-02 1.14675649e-02 2.26657216e-02 3.07413440e-02
 6.89211195e-02 8.96009188e-03 8.40167066e-02 7.92176359e-02
 1.13851686e-01 9.73471143e-02 8.37350990e-02 4.68256611e-02
 1.17503133e-01 1.05321554e-01 7.41351293e-02 7.47108142e-02
 9.40090250e-02 9.66281228e-02 1.27900758e-01 1.33358826e-01
 2.09111883e-01 1.28378548e-01 1.32810906e-01 1.41567414e-01
 1.74431276e-01 1.53155184e-01 1.45307157e-01 1.59516254e-01
 2.02981779e-01 2.96870307e-01 3.50892781e-01 2.90593384e-01
 3.45074745e-01 3.04250737e-01 2.53747068e-01 2.76930857e-01
 3.13028907e-01 2.63917765e-01 2.46796056e-01 2.12544368e-01
 1.43830517e-01 1.49246088e-01 1.54725860e-01 1.72293270e-01
 1.15374745e-01 1.30007012e-01 9.89110749e-02 1.74905762e-01
 1.90101355e-01 1.92821766e-01 2.45676201e-01 2.09211720e-01
 2.45812535e-01 2.10870155e-01 1.92974539e-01 2.30809544e-01
 3.09632427e-01 2.74131383e-01 4.20840409e-01 4.05745986e-01]","[5.35939466e-02 4.71410329e-02 7.90776525e-02 1.12659667e-01
 1.47444851e-01 1.54159471e-01 1.51546235e-01 1.55984306e-01
 1.53271746e-01 1.51336056e-01 1.07976175e-01 6.20820613e-02
 1.13624398e-01 1.12340278e-01 1.62976207e-01 2.13287435e-01
 2.07782877e-01 2.71312264e-01 1.81508052e-01 1.30949346e-01
 2.24428379e-01 3.58946684e-02 1.10007326e-01 1.02425329e-01
 3.67869094e-03 2.20297715e-01 1.21210463e-02 3.20591479e-01
 1.89421533e-01 4.41649859e-01 2.58630331e-01 1.25766072e-01
 1.30852846e-01 1.59805209e-01 2.00106373e-01 1.76227097e-01
 2.44581414e-02 2.22765395e-01 2.24319251e-02 5.47499137e-02
 1.48272084e-01 2.82807547e-02 1.58678864e-01 3.39813872e-01
 1.81197255e-01 1.70033014e-01 2.93882848e-01 1.19995348e-01
 3.09462532e-01 2.31455789e-01 1.06198396e-01 2.20637953e-01
 3.80642036e-01 5.22589566e-01 3.94024698e-01 4.02760187e-01
 3.39854683e-01 3.88364088e-01 4.96863800e-01 4.64883044e-01
 1.18560012e-01 4.76485802e-02 3.04811294e-02 3.57422804e-01
 2.33721356e-02 5.10937503e-02 7.56750107e-03 1.84691223e-02
 3.45192274e-02 6.39511653e-02 1.13495309e-01 1.44916854e-01
 2.48184188e-01 2.13379899e-01 1.89801098e-01 1.36976865e-01
 1.29821044e-01 1.07935261e-01 1.86412884e-01 1.72551240e-01
 1.99540162e-01 1.99884565e-01 1.26555647e-01 1.19184169e-01
 1.83640908e-01 1.63991184e-01 1.37270147e-01 1.28023332e-01
 2.17293999e-01 2.05108878e-01 3.03611681e-01 2.46045155e-01
 3.56037174e-01 1.83834584e-01 3.11817800e-01 3.03332655e-01
 2.84613344e-01 2.60259517e-01 4.46823752e-01 3.43226227e-01
 3.43322202e-01 3.16227788e-01 3.66478233e-01 4.17932330e-01
 3.17535773e-01 3.64826593e-01 4.47865787e-01 3.70379099e-01
 2.93087937e-01 3.39429341e-01 3.54860652e-01 3.69273565e-01
 3.84649307e-01 3.20088182e-01 3.61718216e-01 3.11855811e-01
 3.36335228e-01 3.10431447e-01 2.32121354e-01 2.55669609e-01
 3.08065730e-02 1.01285458e-01 1.16179460e-01 2.14203941e-01
 1.19627603e-01 7.97156131e-02 1.38309394e-01 8.65255837e-02
 1.18333314e-01 4.86234405e-02 9.09155188e-02 1.18394487e-01
 8.04030364e-02 5.47192374e-02 9.28217825e-02 7.43973874e-02
 6.14457274e-02 1.33782131e-01 3.47726649e-02 7.52353461e-02
 1.04348838e-03 3.36702552e-02 1.68765634e-01 8.75849917e-02
 2.53948243e-01 3.24058237e-01 2.47990212e-01 2.50565156e-01
 1.57568458e-01 2.72509632e-01 1.86304987e-01 4.13367123e-01
 2.15258767e-01 2.75850972e-01 2.73804374e-01 1.83551117e-01
 2.53208671e-01 2.25027081e-01 2.98795631e-01 3.30597981e-01
 4.39556425e-01 5.01544129e-01 4.24150215e-01 2.70831011e-01
 3.21957313e-01 4.43640901e-01 3.20069737e-01 3.98511224e-01
 2.32764797e-01 3.55987197e-01 2.58399328e-01 2.94565953e-01
 4.10191426e-01 3.83143960e-01 3.94543368e-01 5.90506023e-01
 7.11881253e-01 9.37094249e-01 9.80581299e-01 9.72884041e-01
 3.36278918e-02 6.57954692e-02 1.88002238e-02 1.24915061e-01
 7.70296922e-01 2.37330506e-01 3.29396103e-01 4.91311208e-01
 5.08444464e-01 7.24997551e-01 4.57825698e-01 5.78091488e-01
 4.21871689e-01 5.58041409e-01 5.33231818e-01 5.52516686e-01
 6.66759695e-01 7.74928643e-01 8.27261438e-01 9.58491074e-01
 1.03269997e+00 9.95377652e-01 1.06535005e+00 1.02853375e+00
 7.11292700e-01 6.95325075e-01 8.18737344e-01 7.57916961e-01
 9.20682353e-01 1.10060166e+00 1.24604847e+00 7.32555117e-01
 1.31017165e+00 1.08352017e+00 1.22399991e+00 1.37547551e+00
 1.11009452e+00 9.77224568e-01 1.12112247e+00 7.86672140e-01
 1.94849351e+00 1.63973277e+00 1.18535468e+00 1.15588086e+00
 1.61527283e+00 1.13316770e+00 1.21394793e+00 1.61455198e+00
 1.34948179e+00 1.28947119e+00 1.30123724e+00 1.24403383e+00
 1.34622065e+00 1.00938665e+00 1.52462921e+00 1.29081449e+00
 1.66110843e+00 1.43834880e+00 1.54099032e+00 1.81807384e+00
 2.67030534e-01 3.86063829e-01 3.43356920e-01 2.51129886e-01
 1.34685633e-01 1.68587519e-01 2.60969736e-01 2.84225704e-01
 1.84321042e-01 5.32111927e-01 3.31636760e-02 4.74143282e-01
 2.89518124e-01 2.43307389e-02 1.01282989e-01 2.24562299e-01
 1.01657578e-01 3.21172339e-01 2.76378401e-01 1.37260843e-01
 1.15299009e-01 2.54345156e-01 2.46304264e-01 2.80903841e-01
 1.46517205e-01 5.14564621e-01 2.14199891e-01 5.09164822e-01
 2.59842188e-01 9.30124388e-02 1.46207790e-01 2.62996359e-01
 4.96130251e-02 2.60410503e-01 1.81043359e-01 5.98374019e-02
 5.24363517e-02 4.06463498e-02 1.56509062e-01 1.19101523e-01
 1.73589203e-01 3.44881715e-01 1.47415413e-01 3.50038349e-01
 3.63045075e-02 4.49883126e-02 5.10126621e-02 1.86929666e-01
 1.52371422e-01 1.70280820e-01 2.25920651e-01 6.39999063e-02
 2.25815378e-01 9.85340985e-02 1.83187621e-01 1.05726345e-01
 2.18711849e-01 3.11481193e-01 7.78702762e-02 3.26078752e-01
 1.39313290e-01 7.76822337e-03 2.95363237e-02 2.28756470e-01
 1.94325739e-01 1.28201482e-02 1.22180408e-02 4.25691986e-02
 5.76011316e-02 7.41083373e-02 7.00035704e-02 1.26365709e-01
 2.05727377e-01 1.74648758e-01 1.89868854e-01 2.31518839e-01
 2.13135757e-01 1.96264145e-01 1.96645037e-01 2.69552718e-01
 2.56158538e-01 2.50802799e-01 2.30989929e-01 2.07301634e-01
 1.81743589e-01 7.18939141e-02 1.38358229e-01 2.09904752e-02
 2.43063149e-02 4.68632545e-03 2.11963452e-02 1.78200933e-02
 8.63089529e-03 1.51633711e-02 2.58017415e-02 5.17118588e-02
 4.55705825e-02 5.97272656e-02 1.46638835e-01 8.26099156e-02
 3.89895444e-02 5.39018436e-02 1.25403486e-02 1.61633050e-02
 6.19309778e-02 2.65037251e-02 3.14743494e-02 3.15249262e-02
 9.17253518e-02 4.02626047e-02 1.68994386e-02 9.39101673e-02
 7.68645574e-02 6.28565841e-02 2.39345643e-02 9.06697107e-04
 8.98436674e-03 1.13538812e-02 3.26948540e-02 1.06628565e-02
 7.36361982e-02 6.29650292e-02 3.26030312e-02 7.68326700e-02
 3.47666999e-02 7.36830547e-02 2.49891480e-02 1.80828908e-02
 2.06602374e-02 1.19237073e-02 2.61309212e-02 3.09775713e-02
 4.41732844e-02 2.23765651e-02 4.89704876e-02 1.18810424e-02
 1.68948112e-02 1.41473151e-02 8.47711892e-04 5.75545948e-02
 4.65248968e-02 1.10696387e-01 5.58652353e-02 6.38118969e-02
 5.39285047e-02 7.23363200e-02 9.54697655e-02 1.20508213e-01
 1.13054130e-01 1.55491698e-01 2.17885476e-01 1.83120937e-01
 2.36494112e-01 2.44273101e-01 2.53149894e-01 2.70633113e-01
 2.36757921e-01 2.98218914e-01 2.88769785e-01 2.93346078e-01
 2.74341773e-01 2.65287416e-01 2.57545116e-01 2.65230117e-01
 2.79497059e-01 2.59203048e-01 2.99202728e-01 2.71045583e-01
 2.53240586e-01 2.51770178e-01 2.81936257e-01 3.03931878e-01
 3.08918179e-01 3.45714399e-01 2.82660060e-01 3.01026720e-01
 3.13724507e-01 2.88796338e-01 2.64504908e-01 2.29814587e-01
 9.03599957e-02 6.67165774e-02 6.62139156e-02 1.43034828e-01
 1.61036822e-01 1.87511797e-01 2.00642347e-01 1.85009548e-01
 2.15883379e-01 2.40410236e-01 1.96746279e-01 2.19243685e-01
 2.44666871e-01 1.52707448e-01 1.49149624e-01 2.19636381e-01
 1.63910984e-01 1.93916980e-01 2.31992519e-01 2.24248631e-01
 1.47344959e-01 2.13128910e-01 2.24325077e-01 1.39511783e-01
 1.46079826e-01 1.65722384e-01 4.81086965e-02 1.56801481e-01
 1.27811560e-01 1.70758965e-01 2.78230453e-01 2.70607316e-01
 2.32462627e-01 2.27544151e-01 3.11769266e-01 2.91884886e-01
 2.54504712e-01 3.03774707e-01 3.46515161e-01 2.16298735e-01
 2.99485883e-01 2.81445400e-01 2.64114264e-01 3.23508383e-01
 4.14506557e-01 3.19685650e-01 3.24228907e-01 4.73873878e-01
 6.20836210e-01 5.14834803e-01 6.72056233e-01 6.33338478e-01
 7.93441244e-01 6.74420873e-01 9.37790545e-01 8.35405899e-01
 8.16414805e-01 9.07050383e-01 6.82371796e-01 8.07680175e-01
 1.18133473e-01 1.96750710e-01 2.27410813e-01 2.06512948e-01
 2.01046888e-01 2.02725493e-01 2.56042739e-01 1.36162960e-01
 1.58141235e-01 1.82194897e-01 9.62760657e-02 2.03999174e-01
 1.71247781e-01 9.26573159e-02 9.25652222e-02 1.25070689e-01
 1.05007235e-01 1.72992964e-01 1.54076033e-01 1.30304341e-01
 1.08497794e-01 1.69865073e-01 1.99364426e-01 1.98502980e-01
 1.83967252e-01 1.27360853e-01 1.19013870e-01 1.57993764e-01
 1.43540389e-01 1.18863709e-01 9.36077074e-02 9.99637941e-02
 2.56778351e-01 2.34299613e-01 1.36988026e-01 1.51596641e-01
 2.21534442e-01 2.28152820e-01 1.82699355e-01 1.73167749e-01
 1.94061996e-01 2.18280775e-01 1.90266979e-01 3.21168177e-01
 2.26763386e-01 2.67170135e-01 2.03997272e-01 2.33108649e-01
 2.83624328e-01 2.45331137e-01 2.20257709e-01 2.92586756e-01
 2.54002480e-01 2.38565926e-01 1.76573308e-01 2.31864741e-01
 1.75314470e-01 3.28405372e-01 1.80572655e-01 1.11426470e-01
 2.52993286e-02 2.74707728e-02 2.57889299e-02 3.61379446e-02
 1.31075940e-02 1.96882237e-02 2.55052810e-02 1.97119242e-02
 1.01778315e-02 5.97149389e-02 1.07628400e-01 9.61029431e-02
 9.79678552e-02 1.24111497e-01 1.06166850e-01 9.74225428e-02
 7.88551479e-02 5.50320740e-02 7.89022744e-02 1.05684206e-01
 1.11034407e-01 1.07164525e-01 1.22895018e-01 1.06882441e-01
 9.24288059e-02 7.17361528e-02 7.47639924e-02 8.20499051e-02
 8.02666413e-02 9.20959165e-02 8.36751427e-02 8.10282818e-02
 1.35642222e-01 9.38814315e-02 1.04961250e-01 1.06964173e-01
 1.00310033e-01 8.76134398e-02 7.96155002e-02 8.07530076e-02
 8.06583131e-02 6.87924067e-02 9.09926482e-02 6.58666501e-02
 6.60283664e-02 7.84829384e-02 7.42720576e-02 6.99839236e-02
 7.11661931e-02 7.21643122e-02 5.83593636e-02 6.85467458e-02
 6.36530294e-02 5.86982349e-02 4.40698905e-02 4.91026459e-02
 5.41321459e-02 5.32871054e-02 6.05840339e-02 5.82781576e-02
 3.64352118e-02 2.45439573e-02 3.25909164e-02 2.20658325e-02
 3.02755969e-02 3.37163416e-02 1.03089354e-02 4.54015203e-02
 3.32513092e-02 3.90746988e-02 2.00818606e-02 3.84148506e-02
 3.04328054e-02 2.07442023e-02 3.84173431e-02 6.42663984e-02
 8.51832901e-02 6.33819787e-02 5.09725044e-02 6.50182891e-03
 1.20115388e-02 7.41376319e-02 5.20817373e-02 5.30371044e-02
 4.68560370e-02 6.15429480e-02 5.78738138e-02 1.40288112e-02
 2.63893922e-02 2.26294334e-02 5.52281387e-02 6.96295023e-02
 1.42898485e-01 1.31449613e-01 6.92319164e-02 1.09683324e-01
 7.12493600e-02 7.13840154e-02 8.86354296e-02 8.06746340e-02
 6.43751860e-02 7.91800053e-02 1.15400695e-01 7.38705552e-02
 1.11221539e-01 1.05245626e-01 1.02887120e-01 5.36127737e-02
 1.03111792e-01 7.33587541e-02 7.45855325e-02 7.24755131e-02
 2.30210144e-02 6.52532862e-02 8.51784952e-02 2.09028312e-02
 7.85217270e-02 7.04603108e-02 1.55429392e-02 3.71516373e-02
 8.95605827e-03 1.61859632e-02 1.63091755e-02 6.64678626e-03
 3.29232456e-03 1.52091013e-02 3.18173214e-02 1.38314827e-02
 1.69809303e-02 2.51621691e-02 1.27960666e-02 8.76822715e-03
 1.58632778e-02 4.56972971e-02 1.17357439e-01 1.15454232e-01
 1.16202826e-01 1.24762472e-01 1.07583602e-01 1.26061056e-01
 1.30616851e-01 1.56696721e-01 1.33383789e-01 1.41050807e-01
 1.23000652e-01 1.31429414e-01 1.49657939e-01 1.69305269e-01
 1.67136031e-01 1.63977278e-01 1.83483881e-01 2.56623123e-01
 2.32536177e-01 2.32545914e-01 2.21524786e-01 2.41820005e-01
 2.11071551e-01 2.58124795e-01 2.03080060e-01 1.94124618e-01
 1.96809268e-01 2.12457270e-01 2.15590257e-01 1.78400406e-01
 2.39821065e-01 2.33980193e-01 2.60184456e-01 2.42743830e-01
 2.34162282e-01 2.12615492e-01 2.29723972e-01 2.30858904e-01
 2.40046567e-01 2.66945550e-01 2.74462416e-01 2.80409606e-01
 2.98709722e-01 3.12432251e-01 2.97638743e-01 3.25319256e-01
 1.23500665e-01 2.45945339e-01 2.95613838e-01 1.95117872e-01
 1.41098368e-01 1.60587710e-01 2.55849307e-01 2.63674231e-01
 1.39776077e-01 3.91077798e-01 7.74059682e-02 3.67036873e-01
 2.34084835e-01 1.55481924e-01 1.84258875e-01 2.65288988e-01
 1.43530889e-01 2.41898796e-01 2.70384493e-01 2.51538180e-01
 1.30365544e-01 2.02219349e-01 2.41694099e-01 2.63645684e-01
 1.79444254e-01 3.98337675e-01 1.44487675e-01 3.56771151e-01
 1.90722177e-01 1.30004568e-01 1.38777615e-01 2.93676145e-01
 1.94112468e-01 3.30746187e-01 3.97118149e-01 3.18878300e-01
 2.19212000e-01 2.60919949e-01 3.31830643e-01 3.41914941e-01
 1.99985161e-01 4.12638109e-01 2.24404992e-01 4.06572317e-01
 2.44023648e-01 1.81533458e-01 1.35821554e-01 2.60459599e-01
 1.44880141e-01 2.45976532e-01 2.98631879e-01 2.18010653e-01
 1.31760829e-01 2.26952409e-01 2.58245309e-01 2.68380468e-01
 1.41066372e-01 3.62085101e-01 1.74531798e-01 3.59283168e-01
 5.78377291e-02 6.80766767e-02 7.24077796e-02 1.26510112e-01
 9.97782632e-02 1.20683976e-01 1.52431325e-01 1.71589132e-01
 2.02039580e-01 2.18691832e-01 1.98972875e-01 2.09671722e-01
 2.43157859e-01 2.42992869e-01 2.69098302e-01 2.66776546e-01
 2.73838989e-01 2.48217962e-01 2.74378540e-01 3.02109147e-01
 3.11344767e-01 3.29111555e-01 3.63069013e-01 3.47238126e-01
 3.64109655e-01 3.63504736e-01 3.70340474e-01 3.94854421e-01
 3.79674229e-01 4.31110381e-01 4.36273425e-01 4.37076316e-01
 4.51340731e-01 4.38081902e-01 4.74641667e-01 4.57809193e-01
 4.67667382e-01 4.47446465e-01 4.24445038e-01 3.83390751e-01
 4.03173332e-01 3.79272887e-01 3.21336735e-01 3.92600978e-01
 3.79768168e-01 3.54065249e-01 3.51195602e-01 3.83338008e-01
 4.15918533e-01 3.95954794e-01 3.91987106e-01 4.01724878e-01
 3.95247732e-01 3.87561680e-01 4.18979649e-01 4.06362672e-01
 3.64161374e-01 3.60319043e-01 3.70156542e-01 3.60236389e-01
 1.65699476e-01 1.85646573e-01 2.29600811e-01 2.05347512e-01
 2.03899919e-01 2.05026695e-01 1.13150415e-01 9.64951172e-02
 1.99082766e-01 1.42427159e-01 1.54320154e-01 4.06821176e-02
 1.62941061e-01 2.49743696e-01 1.47794770e-01 1.41959878e-01
 1.69779110e-01 1.78894495e-01 1.45472186e-01 2.44168288e-01
 2.56485898e-01 2.52178882e-01 2.47107138e-01 2.38438314e-01
 5.46885044e-02 1.34837630e-01 1.54975596e-01 1.93853626e-01
 1.88884908e-01 1.93570512e-01 1.95597058e-01 1.49509730e-01
 9.47685569e-02 2.00850035e-01 1.67404016e-01 1.61921074e-01
 1.19354861e-01 1.80485787e-01 1.72276270e-01 1.30115726e-01
 2.21961316e-01 2.77710780e-01 3.09913237e-01 2.39916475e-01
 3.63016719e-01 3.80155027e-01 3.41880475e-01 4.16866974e-01
 4.51590973e-01 3.51268077e-01 3.86416964e-01 3.95994605e-01
 3.46071246e-01 3.36035537e-01 2.83648801e-01 4.22904494e-01
 4.15105270e-01 4.60137047e-01 3.83581648e-01 3.49209830e-01
 1.44528501e-01 1.84358731e-01 1.71390858e-01 1.29395541e-01
 1.07973302e-01 1.21225613e-01 1.41897544e-01 1.29974905e-01
 7.67524009e-02 2.39136467e-01 7.28595745e-02 2.73041343e-01
 1.92879546e-01 5.10713350e-02 7.54300115e-02 9.31915691e-02
 3.52915973e-02 1.52638106e-01 1.30576367e-01 5.27030912e-02
 2.62925338e-02 1.03344403e-01 1.33115741e-01 7.42709058e-02
 1.99238894e-02 1.89500686e-01 3.91171673e-02 1.98743994e-01
 5.06564327e-02 8.22528587e-02 1.10592796e-01 1.07340800e-02
 1.28481051e-01 1.73811716e-02 4.52841706e-02 7.51490278e-03
 6.40159013e-02 4.11941654e-02 7.90583669e-02 3.61819832e-02
 6.44557226e-02 1.75392814e-01 2.44890431e-02 1.99752112e-01
 1.08322045e-01 6.06741545e-02 7.54440566e-02 1.16963453e-01
 9.50965678e-02 1.07657605e-01 9.07553451e-02 5.28002585e-02
 5.24065865e-03 8.13515608e-02 1.29974265e-01 3.72570921e-02
 2.11540830e-02 9.72667972e-02 7.97810838e-02 5.32390710e-02]","[4.38930162e-01 4.58683574e-01 3.98521817e-01 3.26349055e-01
 2.73545186e-01 3.61521682e-01 3.17265459e-01 3.11732892e-01
 3.72588923e-01 2.57020525e-01 3.56452071e-01 6.13334826e-01
 5.07780702e-01 5.18791753e-01 5.23366291e-01 5.11621955e-01
 4.75143448e-01 5.07986027e-01 5.78347517e-01 6.41059160e-01
 7.10139555e-01 7.25503485e-01 7.82392457e-01 1.03731527e+00
 1.08971548e+00 5.90474981e-01 7.87822310e-01 6.89938534e-01
 6.79357659e-01 6.69138390e-01 7.40325843e-01 8.79199176e-01
 8.92253182e-01 8.64042373e-01 1.18691297e+00 2.32672582e+00
 1.20646901e+00 1.66407269e+00 1.42158196e+00 1.70826710e+00
 1.39031027e+00 1.40325132e+00 1.60523457e+00 1.81714078e+00
 1.18004126e+00 1.19006599e+00 1.47052051e+00 1.75479291e+00
 1.04996424e+00 8.92037078e-01 9.77839971e-01 9.11978552e-01
 9.34671888e-01 9.69399885e-01 1.24027559e+00 1.25655051e+00
 1.10874187e+00 1.12563501e+00 1.24812114e+00 1.07151054e+00
 3.65496653e-01 4.86715773e-01 7.18462027e-01 5.92107588e-01
 7.41133329e-01 7.03908953e-01 6.61432829e-01 8.48070421e-01
 1.23990247e+00 8.10437369e-01 7.25953660e-01 8.28030054e-01
 8.16692883e-01 7.91690019e-01 9.99043040e-01 9.71233770e-01
 1.02635685e+00 1.18825451e+00 1.20746631e+00 1.18538679e+00
 1.25843505e+00 1.02994269e+00 1.17919097e+00 1.27792219e+00
 1.94749893e+00 1.22344970e+00 1.90414129e+00 1.22102466e+00
 1.10302440e+00 1.13837856e+00 1.16631272e+00 1.11799519e+00
 1.25665262e+00 1.01254910e+00 1.65436169e+00 1.26069442e+00
 1.10295868e+00 1.48417032e+00 1.14593260e+00 9.32585522e-01
 1.67061576e+00 1.87000708e+00 9.64799269e-01 1.08917843e+00
 7.82291261e-01 9.78772260e-01 6.94624979e-01 7.99235582e-01
 1.00867942e+00 2.14340972e+00 1.11968045e+00 1.92170692e+00
 2.11998704e+00 1.29392845e+00 2.00453229e+00 2.16262505e+00
 1.95409808e+00 1.44395795e+00 1.83011966e+00 2.59255130e+00
 1.80216345e-01 1.55434261e-01 1.38125766e-01 1.47873703e-01
 1.82556095e-01 1.91932873e-01 3.05501327e-01 2.75260007e-01
 2.34746476e-01 4.68429138e-01 3.25170776e-01 6.12512500e-01
 3.83922144e-01 5.10441395e-01 4.58324890e-01 4.43190348e-01
 6.68445194e-01 8.86029380e-01 6.10146196e-01 6.39807705e-01
 8.58301155e-01 1.15398962e+00 1.10684316e+00 9.82997917e-01
 1.27823408e+00 1.28410332e+00 1.81537157e+00 1.19723892e+00
 1.33668009e+00 1.61677033e+00 1.39674219e+00 1.61581523e+00
 1.42125639e+00 2.53499870e+00 1.40594184e+00 1.59990718e+00
 1.62757292e+00 2.58849156e+00 2.87090429e+00 3.27169121e+00
 2.55855128e+00 2.95784319e+00 2.25683951e+00 3.16566756e+00
 1.57982877e+00 2.55008042e+00 2.38100484e+00 2.26283003e+00
 2.32119815e+00 2.92994029e+00 6.18962606e+00 3.08279335e+00
 3.04279141e+00 5.19588142e+00 3.81992259e+00 4.61236557e+00
 6.21595783e+00 6.42823263e+00 8.31274158e+00 4.98945477e+00
 2.11079163e+00 3.14492959e+00 2.58377715e+00 3.10430874e+00
 2.51905898e+00 2.30916451e+00 3.18953050e+00 2.80295103e+00
 2.14551429e+00 2.10742871e+00 3.12499588e+00 2.24429900e+00
 2.84685668e+00 3.00765237e+00 3.37785955e+00 3.60899659e+00
 3.66064022e+00 3.60715171e+00 3.07622912e+00 2.88089295e+00
 2.72091689e+00 2.56872593e+00 3.05115555e+00 2.68599879e+00
 2.76842362e+00 3.29833194e+00 3.76502322e+00 3.93393706e+00
 3.60836045e+00 3.01386389e+00 2.25517232e+00 2.39205215e+00
 2.13356005e+00 3.54704109e+00 2.25418044e+00 1.79247413e+00
 2.64192866e+00 2.20184261e+00 2.02155937e+00 2.84936630e+00
 2.57493103e+00 3.17458362e+00 1.86769245e+00 2.17874275e+00
 1.91692001e+00 1.95816520e+00 2.03364692e+00 2.27216289e+00
 2.46001545e+00 1.78255378e+00 2.18166174e+00 4.03106688e+00
 3.19470613e+00 2.40257663e+00 2.87791339e+00 2.25983166e+00
 2.49941980e+00 1.93427843e+00 2.04590204e+00 2.56324911e+00
 3.40525559e-01 3.62996423e-01 3.92617029e-01 3.82055066e-01
 5.87053588e-01 6.18681280e-01 5.76382758e-01 5.77743017e-01
 5.35189269e-01 7.19388618e-01 5.04704485e-01 8.84819139e-01
 1.09946349e+00 9.86580817e-01 8.29896714e-01 1.05476410e+00
 6.42975641e-01 9.78569008e-01 8.01839390e-01 8.25388797e-01
 9.84689927e-01 1.00013250e+00 8.19689845e-01 9.21048625e-01
 9.14656729e-01 6.57351435e-01 7.62821084e-01 7.34040017e-01
 4.90662639e-01 9.80739648e-01 9.19774012e-01 9.35952541e-01
 1.19090725e+00 1.13039434e+00 1.34483723e+00 1.48294581e+00
 1.36420819e+00 1.73059183e+00 1.35834612e+00 1.36276129e+00
 1.16171718e+00 1.41932372e+00 1.13060137e+00 1.35400663e+00
 1.55744934e+00 1.24064810e+00 1.36870599e+00 1.38717855e+00
 1.68033697e+00 1.37136708e+00 1.11837155e+00 1.31449098e+00
 1.32177124e+00 1.56684206e+00 1.60004510e+00 1.58608015e+00
 1.42471781e+00 1.67304282e+00 1.64698008e+00 1.88545425e+00
 9.83408684e-01 7.84923709e-01 6.91052446e-01 6.33718524e-01
 6.30938893e-01 8.45949066e-01 7.57450959e-01 1.14860479e+00
 7.52012113e-01 6.20170112e-01 9.08445895e-01 8.84913934e-01
 6.40577648e-01 7.01324619e-01 7.51135576e-01 6.84323262e-01
 6.67593269e-01 1.39305698e+00 1.02643060e+00 1.04747870e+00
 1.13158562e+00 9.13671051e-01 9.20034408e-01 1.18308891e+00
 6.36408999e-01 1.33619460e+00 1.34905103e+00 2.37231128e+00
 1.27025820e+00 1.18740274e+00 2.22353575e+00 9.23267037e-01
 1.09938422e+00 2.56205737e+00 1.38930337e+00 1.88371443e+00
 1.11653627e+00 4.27422222e+00 2.10148836e+00 1.42406101e+00
 2.68429614e+00 1.28337611e+00 1.45777004e+00 1.71579879e+00
 1.92389421e+00 3.75946717e+00 1.18821996e+00 1.03251373e+00
 1.59722032e+00 1.61694651e+00 1.06458403e+00 1.47796646e+00
 1.44709224e+00 1.67115765e+00 1.37480243e+00 1.31403490e+00
 2.20226667e+00 3.04127848e+00 1.03095249e+00 1.44413007e+00
 2.24310010e-01 3.46601596e-01 3.27760826e-01 5.09206060e-01
 4.82043439e-01 6.14968264e-01 6.47079433e-01 4.63796842e-01
 1.62274203e+00 8.00126942e-01 6.86260310e-01 5.65654048e-01
 7.96764250e-01 1.01701485e+00 5.76357571e-01 9.72717530e-01
 5.92205263e-01 5.75684629e-01 1.64150372e+00 7.11964471e-01
 3.07309932e+00 9.95036089e-01 5.62562523e-01 4.12268727e-01
 9.46081126e-01 6.27581749e-01 4.84772586e-01 4.73394088e-01
 8.15086490e-01 4.70694867e-01 7.67229302e-01 7.42365230e-01
 4.53188121e-01 7.08523376e-01 4.71345327e-01 1.01767432e+00
 4.86211136e-01 3.47851330e-01 1.38563446e+00 3.85170577e-01
 3.11368721e-01 6.98244985e-01 7.37726297e-01 6.21253123e-01
 5.00923356e-01 5.64094720e-01 6.50264925e-01 9.52726549e-01
 5.99636350e-01 1.07247861e+00 9.57542288e-01 4.60807982e-01
 4.51054264e+00 2.40334527e-01 6.00879194e-01 4.35424008e-01
 5.51867084e-01 4.97350797e-01 4.25095182e-01 7.56499472e-01
 1.61133183e-01 5.69065444e-02 7.69851717e-02 1.48492922e-01
 6.82983492e-02 9.02355666e-02 3.72451655e-02 5.68858575e-02
 6.34123995e-02 5.28903939e-02 7.84202828e-02 9.19780581e-02
 1.96113044e-01 2.27868638e-01 2.38229670e-01 2.06436231e-01
 3.22674506e-01 2.29765473e-01 1.87225528e-01 1.98839186e-01
 2.58546868e-01 2.60348960e-01 2.62326890e-01 3.05064203e-01
 2.64376153e-01 3.49744447e-01 3.80672038e-01 3.81881847e-01
 4.58018034e-01 3.59297895e-01 2.86478818e-01 2.69379963e-01
 4.18017457e-01 4.00233294e-01 2.46081432e-01 3.88739492e-01
 3.15257492e-01 3.53347610e-01 3.00649352e-01 2.44416214e-01
 3.67802628e-01 2.33805143e-01 2.59775189e-01 4.27795740e-01
 3.69897346e-01 4.31252209e-01 3.30046055e-01 3.12609128e-01
 4.95222305e-01 7.06711543e-01 5.15900441e-01 5.95497026e-01
 4.56370389e-01 5.23704588e-01 5.53147882e-01 5.59213915e-01
 5.72818957e-01 6.11056279e-01 5.63134642e-01 4.33956947e-01
 7.23947816e-02 2.33996015e-02 1.99397117e-02 1.56453162e-02
 2.84321701e-02 7.95351429e-03 2.25896196e-02 1.26682018e-01
 1.22800458e-01 1.79303287e-01 1.00601595e-01 1.71663953e-01
 1.20054013e-01 2.34063406e-01 1.70471641e-01 1.44371539e-01
 1.54423079e-01 1.42905085e-01 2.27376279e-01 2.57505011e-01
 1.85045636e-01 1.46571245e-01 1.62295217e-01 1.27519413e-01
 2.12328151e-01 1.71113076e-01 2.45883804e-01 2.46180060e-01
 2.50374794e-01 2.82329216e-01 2.74152205e-01 2.82597468e-01
 2.80406427e-01 4.02203814e-01 3.29776354e-01 3.98381633e-01
 4.14006054e-01 4.05866699e-01 4.01118018e-01 3.63408682e-01
 4.68822764e-01 3.75502173e-01 3.51796524e-01 4.12386439e-01
 3.26454449e-01 3.26360584e-01 2.69378606e-01 4.11820236e-01
 4.04313048e-01 4.24466698e-01 3.68821069e-01 3.77798119e-01
 4.10705387e-01 4.12220261e-01 5.40773797e-01 3.60441351e-01
 3.90340862e-01 5.12337010e-01 4.54026123e-01 6.48587388e-01
 5.42233541e-01 5.66186702e-01 6.09259984e-01 5.20058048e-01
 7.55791499e-01 3.34352512e-01 4.70906983e-01 6.98119819e-01
 3.18233784e-01 4.99054178e-01 3.32790453e-01 2.81535094e-01
 4.16256543e-01 2.99756036e-01 6.32838610e-01 3.36471613e-01
 2.02206573e-01 5.13114685e-01 8.55259669e-01 3.37332433e-01
 3.03163451e-01 3.56710704e-01 5.87957857e-01 4.58517393e-01
 4.39286011e-01 3.27985774e-01 4.01610147e-01 3.96050934e-01
 6.86926089e-01 4.56880976e-01 2.49200995e-01 4.16064484e-01
 2.12319042e-01 4.16198759e-01 1.85959630e-01 5.86059521e-01
 3.56512926e-01 6.89382455e-01 4.63680283e-01 7.97632766e-01
 7.40410276e-01 4.36779514e-01 6.91879807e-01 3.73226395e-01
 5.05220348e-01 8.55722568e-01 1.15630128e+00 2.74671840e-01
 2.30895683e-01 3.20892374e-01 2.81073210e-01 8.78945332e-01
 3.39807812e-01 5.12560104e-01 2.72015156e-01 5.01839745e-01
 1.17872436e+00 3.89046398e-01 1.12818411e+00 3.29201287e-01
 5.86530427e-02 1.17867901e-01 1.01754682e-01 1.22994385e-01
 1.33200640e-01 1.30222816e-01 2.07538116e-01 3.03765507e-01
 2.85258137e-01 3.41523187e-01 2.68058353e-01 2.80383135e-01
 3.68755678e-01 3.54396964e-01 2.44974466e-01 3.51970808e-01
 2.96686142e-01 3.30587147e-01 3.21736858e-01 2.75573813e-01
 2.76839756e-01 3.94631141e-01 3.54564589e-01 3.07232065e-01
 3.14221265e-01 4.94524501e-01 3.49538195e-01 3.96500672e-01
 3.82753905e-01 3.80295956e-01 3.87036296e-01 3.32223473e-01
 4.21258399e-01 4.00825420e-01 4.15131251e-01 4.92826542e-01
 4.28026040e-01 3.48224092e-01 4.64695470e-01 7.98246168e-01
 4.40323021e-01 4.88083502e-01 4.35673360e-01 4.53671254e-01
 7.13190464e-01 4.43750150e-01 5.19530654e-01 5.15410931e-01
 3.80067226e-01 3.33818350e-01 3.22084474e-01 4.18154553e-01
 3.19883785e-01 3.59864891e-01 3.38297167e-01 3.56708234e-01
 4.30919415e-01 4.95788592e-01 5.57392231e-01 3.50498037e-01
 1.89643369e-01 1.62990723e-01 3.09054308e-01 2.98839184e-01
 2.57438133e-01 4.99022347e-01 2.52611702e-01 3.98182484e-01
 2.46714677e-01 5.29966869e-01 3.38315802e-01 5.31135118e-01
 3.32075631e-01 3.91753974e-01 1.64684126e-01 4.64635204e-01
 1.32320191e-01 8.23741042e-02 1.78938538e-01 4.15300295e-01
 2.59387313e-01 1.62070720e-01 7.38196962e-01 1.35745775e-01
 2.79084713e-01 1.33256036e-01 5.19136216e-01 1.00766520e-01
 2.96348564e-01 3.30515809e-01 7.14088878e-02 6.06460036e-02
 1.10982303e-01 2.52364932e-01 4.16219912e-03 2.96065229e-02
 4.35341926e-02 9.98431796e-02 1.62671850e-01 3.21087718e-02
 3.77104125e-02 2.64789460e-01 4.24131147e-01 2.65555444e-01
 1.04207418e-01 3.69137376e-01 2.52606008e-01 6.28236052e-02
 1.78551736e-03 8.39780143e-02 2.37369088e-02 5.80258588e-02
 5.08081309e-02 2.14617323e-01 3.71289015e-01 3.44541360e-01
 6.18427230e-02 8.96661764e-02 1.70592960e-01 7.55204240e-03
 3.56748518e-01 3.66922872e-01 2.69952008e-01 4.38567145e-01
 4.53292781e-01 4.19823039e-01 3.81436124e-01 5.40257718e-01
 4.39499540e-01 4.56969471e-01 5.41691478e-01 5.70623223e-01
 6.51518362e-01 6.23767846e-01 4.69295067e-01 5.77253156e-01
 5.08744946e-01 6.96166146e-01 7.29848056e-01 5.28749290e-01
 6.41973886e-01 4.88164071e-01 6.84112467e-01 6.89542410e-01
 8.24122028e-01 6.36209667e-01 6.47373513e-01 6.95879381e-01
 6.02936342e-01 7.19575198e-01 8.34677077e-01 6.52202436e-01
 6.46217704e-01 4.16448882e-01 5.56806931e-01 5.31238082e-01
 4.96020133e-01 5.46541844e-01 5.37051706e-01 6.58209128e-01
 6.97114801e-01 7.39319176e-01 6.38177801e-01 7.37508918e-01
 5.73036954e-01 6.68079570e-01 8.19714862e-01 9.21116831e-01
 7.38118139e-01 7.02583126e-01 6.05286809e-01 8.06763000e-01
 7.57736183e-01 5.55732228e-01 6.88747994e-01 5.83195250e-01
 6.70094769e-01 7.76207819e-01 6.70557789e-01 7.73284707e-01
 7.54407511e-02 7.43254730e-02 1.00569856e-01 7.05157121e-02
 6.46467541e-02 6.19539911e-02 4.38545790e-02 5.34785451e-02
 1.80613617e-02 2.21163029e-02 5.02076817e-02 3.29857228e-03
 4.60574739e-02 5.69902152e-02 2.88181976e-02 2.82482105e-02
 6.51384317e-02 1.10950391e-02 3.44687134e-02 9.14409074e-02
 7.93678297e-02 1.32338796e-01 7.53943097e-02 4.52901095e-02
 5.30214291e-02 8.80333346e-02 1.16026212e-01 1.60907801e-01
 9.29759562e-02 8.11242920e-02 2.17772468e-01 9.34686131e-02
 2.49426050e-01 1.31224145e-01 2.90178966e-01 1.41251257e-01
 2.56187208e-01 9.43230209e-02 5.93204192e-02 9.80899846e-02
 8.77628001e-02 8.35081477e-02 8.56856585e-02 1.46526317e-01
 4.64176187e-02 2.88943067e-02 3.43917773e-02 8.84023438e-02
 2.16516641e-01 7.22452741e-02 7.84260137e-02 1.26367654e-01
 1.81544355e-02 9.46052870e-02 1.08171637e-01 1.99721989e-01
 8.46600803e-02 6.67621497e-03 1.78464189e-01 7.99158410e-03
 2.48959348e-01 2.13043513e-01 2.55410524e-01 4.53636565e-01
 3.23703246e-01 3.63599747e-01 7.09315521e-01 8.43272448e-01
 7.28501019e-01 9.30863603e-01 8.40373175e-01 1.37301090e+00
 8.54077275e-01 8.10508583e-01 1.09128857e+00 8.56433842e-01
 6.85739041e-01 7.21478728e-01 7.96472097e-01 7.54738917e-01
 1.11140623e+00 8.32360360e-01 8.42517119e-01 1.38766207e+00
 9.88097738e-01 1.20107963e+00 1.21758376e+00 9.29640623e-01
 8.90658939e-01 7.53111916e-01 9.55354579e-01 1.20799485e+00
 1.01860998e+00 9.80103494e-01 9.03521457e-01 1.39742375e+00
 1.05731407e+00 1.55298806e+00 1.08248473e+00 1.21770305e+00
 1.27323043e+00 1.24585581e+00 1.40430964e+00 1.15590139e+00
 1.16735503e+00 9.44709486e-01 7.23902934e-01 8.26804500e-01
 5.08873102e-01 5.97317371e-01 6.82896859e-01 5.44502480e-01
 5.71501072e-01 6.95464353e-01 1.11872249e+00 1.07138868e+00
 1.22590994e+00 1.06642115e+00 8.96185058e-01 9.35244654e-01
 1.09939447e-01 1.27422449e-01 1.65949469e-01 2.54261161e-01
 2.45815541e-01 2.59129595e-01 4.13431155e-01 3.89095646e-01
 3.32530142e-01 3.31969102e-01 2.94855808e-01 2.76972501e-01
 4.08178823e-01 5.13463828e-01 3.89201121e-01 3.54397691e-01
 4.06297776e-01 3.40484791e-01 4.46391015e-01 4.39313974e-01
 4.56438027e-01 6.13466520e-01 5.30546029e-01 4.66915694e-01
 5.65570907e-01 4.56860210e-01 5.32529750e-01 7.37575394e-01
 7.00681661e-01 6.27257971e-01 7.68321773e-01 8.50822316e-01
 8.02636470e-01 9.57972850e-01 7.20747085e-01 7.28791814e-01
 7.28937869e-01 7.02906213e-01 7.65201994e-01 6.27771719e-01
 6.05963490e-01 6.26305006e-01 6.52585493e-01 6.34495194e-01
 5.99778007e-01 5.91285321e-01 4.91951221e-01 6.27767323e-01
 7.02465985e-01 5.81886564e-01 8.05913338e-01 7.75664140e-01
 7.24408636e-01 7.11833631e-01 6.87069530e-01 8.02558989e-01
 7.35974777e-01 8.51588365e-01 9.85248935e-01 1.04397033e+00]",0.1680571810977363
